{
  "04 - Get Ticket By PNR" : {
    "transaction" : "04 - Get Ticket By PNR",
    "sampleCount" : 20,
    "errorCount" : 0,
    "errorPct" : 0.0,
    "meanResTime" : 11.95,
    "medianResTime" : 7.0,
    "minResTime" : 5.0,
    "maxResTime" : 37.0,
    "pct1ResTime" : 34.0,
    "pct2ResTime" : 36.849999999999994,
    "pct3ResTime" : 37.0,
    "throughput" : 25.284450063211125,
    "receivedKBytesPerSec" : 14.112624446902654,
    "sentKBytesPerSec" : 5.234671302149178
  },
  "02 - Search Flights" : {
    "transaction" : "02 - Search Flights",
    "sampleCount" : 20,
    "errorCount" : 20,
    "errorPct" : 100.0,
    "meanResTime" : 4.599999999999999,
    "medianResTime" : 3.0,
    "minResTime" : 2.0,
    "maxResTime" : 12.0,
    "pct1ResTime" : 11.900000000000002,
    "pct2ResTime" : 12.0,
    "pct3ResTime" : 12.0,
    "throughput" : 23.923444976076556,
    "receivedKBytesPerSec" : 6.074312200956938,
    "sentKBytesPerSec" : 7.8265176435406705
  },
  "06 - Cancel Bookings" : {
    "transaction" : "06 - Cancel Bookings",
    "sampleCount" : 20,
    "errorCount" : 0,
    "errorPct" : 0.0,
    "meanResTime" : 14.700000000000001,
    "medianResTime" : 14.5,
    "minResTime" : 12.0,
    "maxResTime" : 18.0,
    "pct1ResTime" : 18.0,
    "pct2ResTime" : 18.0,
    "pct3ResTime" : 18.0,
    "throughput" : 27.137042062415198,
    "receivedKBytesPerSec" : 5.618215739484397,
    "sentKBytesPerSec" : 6.413246268656716
  },
  "Total" : {
    "transaction" : "Total",
    "sampleCount" : 120,
    "errorCount" : 20,
    "errorPct" : 16.666666,
    "meanResTime" : 24.941666666666656,
    "medianResTime" : 14.0,
    "minResTime" : 2.0,
    "maxResTime" : 104.0,
    "pct1ResTime" : 74.0,
    "pct2ResTime" : 82.0,
    "pct3ResTime" : 104.0,
    "throughput" : 119.76047904191617,
    "receivedKBytesPerSec" : 308.3491220683633,
    "sentKBytesPerSec" : 46.1187000998004
  },
  "01 - Add Inventory" : {
    "transaction" : "01 - Add Inventory",
    "sampleCount" : 20,
    "errorCount" : 0,
    "errorPct" : 0.0,
    "meanResTime" : 13.25,
    "medianResTime" : 9.0,
    "minResTime" : 7.0,
    "maxResTime" : 35.0,
    "pct1ResTime" : 34.800000000000004,
    "pct2ResTime" : 35.0,
    "pct3ResTime" : 35.0,
    "throughput" : 22.497187851518557,
    "receivedKBytesPerSec" : 4.152312992125984,
    "sentKBytesPerSec" : 17.466078458942633
  },
  "05 - Get Booking history" : {
    "transaction" : "05 - Get Booking history",
    "sampleCount" : 20,
    "errorCount" : 0,
    "errorPct" : 0.0,
    "meanResTime" : 80.6,
    "medianResTime" : 77.5,
    "minResTime" : 66.0,
    "maxResTime" : 104.0,
    "pct1ResTime" : 104.0,
    "pct2ResTime" : 104.0,
    "pct3ResTime" : 104.0,
    "throughput" : 24.183796856106408,
    "receivedKBytesPerSec" : 330.9354217049577,
    "sentKBytesPerSec" : 5.384673518742443
  },
  "03 - Book ticket" : {
    "transaction" : "03 - Book ticket",
    "sampleCount" : 20,
    "errorCount" : 0,
    "errorPct" : 0.0,
    "meanResTime" : 24.549999999999997,
    "medianResTime" : 16.5,
    "minResTime" : 14.0,
    "maxResTime" : 57.0,
    "pct1ResTime" : 56.900000000000006,
    "pct2ResTime" : 57.0,
    "pct3ResTime" : 57.0,
    "throughput" : 23.752969121140143,
    "receivedKBytesPerSec" : 13.312332986935868,
    "sentKBytesPerSec" : 12.850727434679335
  }
}